x,y,z,color,radius
0.0016811688,-0.694374204,-0.717556775,white,0.0199999996
0.0016409189,-0.694089174,-0.71772337,white,0.0199999996
